,Country Name,Country Code,Indicator Name,Indicator Code,2000,2001,2002,2003,2004,2005,2006,2007,2008,2009,2010,2011,2012,2013,2014,2015,2016,2017,2018,2019
0,Aruba,ABW,CO2 emissions (kt),EN.ATM.CO2E.KT,,,,,,,,,,,,,,,,,,,,
1,Africa Eastern and Southern,AFE,CO2 emissions (kt),EN.ATM.CO2E.KT,355937.086,393139.914,404205.735,426375.362,457593.677,458471.686,465449.748,486211.076,519307.831,501936.088,529668.977,521770.031,543423.017,565438.314,587672.097,574023.674,578507.112,587497.391,590061.52,603054.006
2,Afghanistan,AFG,CO2 emissions (kt),EN.ATM.CO2E.KT,760.22,734.838,1033.63,1218.707,1034.607,1552.011,1764.18,1771.41,3564.64,4877.97,7106.15,8928.59,8079.43,5987.05,4879.64,5946.69,5303.53,4782.88,6066.78,6075.23
3,Africa Western and Central,AFW,CO2 emissions (kt),EN.ATM.CO2E.KT,141732.996,149453.38,141648.65,150979.137,150974.4,155282.68,148880.23,142609.18,151363.46,146732.95,165504.74,171784.795,177948.88,193293.14,201660.087,198383.06,206028.42,204742.16,211707.05,220732.65
4,Angola,AGO,CO2 emissions (kt),EN.ATM.CO2E.KT,16204.36,15956.0,15689.7,16764.9,17453.7,15811.4,16558.7,16966.5,19275.4,21145.1,22801.6,23865.9,23868.1,26958.8,29629.8,31649.0,29764.9,24247.2,23957.1,25212.9
5,Albania,ALB,CO2 emissions (kt),EN.ATM.CO2E.KT,3166.09,3234.2,3761.9,4065.8,4249.3,4033.4,4014.6,4138.3,4084.7,4215.6,4449.7,4852.7,4359.2,4435.8,4820.4,4620.1,4477.1,5144.8,5107.0,4829.2
6,Andorra,AND,CO2 emissions (kt),EN.ATM.CO2E.KT,523.952,523.952,531.28,534.944,560.592,575.248,545.936,538.608,538.608,516.624,516.624,490.976,487.312,476.32,461.664,465.328,468.992,465.328,494.64,501.848
7,Arab World,ARB,CO2 emissions (kt),EN.ATM.CO2E.KT,933754.74,985326.85,1018866.88,1049656.31,1106155.3,1181610.3,1244545.85,1295588.9,1399901.26,1446949.8,1532866.0,1565758.0,1674052.5,1703920.29,1761731.57,1807587.05,1827972.85,1847736.22,1826262.12,1875283.52
8,United Arab Emirates,ARE,CO2 emissions (kt),EN.ATM.CO2E.KT,84730.9,97198.1,99147.7,103822.0,110008.8,116455.1,121563.8,131832.9,156045.6,157021.0,162790.1,165601.3,175594.4,184470.2,184764.4,195243.1,201080.8,197036.6,177124.3,188858.6
9,Argentina,ARG,CO2 emissions (kt),EN.ATM.CO2E.KT,132268.3,125258.1,117465.0,127656.0,141375.9,145992.0,154903.7,162806.1,167225.2,156566.2,167225.0,176638.1,177960.0,183250.4,179598.2,185547.3,183158.1,179323.9,176895.3,168095.3
10,Armenia,ARM,CO2 emissions (kt),EN.ATM.CO2E.KT,3561.0,3602.0,3118.7,3495.4,3763.8,4460.9,4489.2,5204.4,5685.5,4510.8,4336.6,4937.1,5716.5,5501.5,5479.0,5343.4,5066.7,5371.3,5712.2,6169.6
11,American Samoa,ASM,CO2 emissions (kt),EN.ATM.CO2E.KT,,,,,,,,,,,,,,,,,,,,
12,Antigua and Barbuda,ATG,CO2 emissions (kt),EN.ATM.CO2E.KT,328.8,351.3,389.1,405.9,395.4,406.4,438.7,459.7,476.0,1394.3,490.4,537.5,696.9,473.5,477.2,491.0,501.3,501.2,509.8,516.1
13,Australia,AUS,CO2 emissions (kt),EN.ATM.CO2E.KT,339446.6,345645.0,353371.3,352581.1,365808.0,370090.6,375489.1,385746.1,388935.6,395289.3,387536.3,386375.3,386965.7,380278.3,371633.6,377795.2,384991.7,389163.3,387066.7,386526.6
14,Austria,AUT,CO2 emissions (kt),EN.ATM.CO2E.KT,63532.3,67911.3,69367.9,74461.6,75795.8,76236.6,74099.3,71242.5,70729.7,64416.3,69960.0,68271.5,65107.1,65747.0,62048.9,63238.3,63684.5,65856.3,63061.9,64766.3
15,Azerbaijan,AZE,CO2 emissions (kt),EN.ATM.CO2E.KT,27687.2,26397.2,26177.6,28569.4,28311.9,30043.5,30488.4,27627.7,30447.6,25495.9,24311.9,27282.1,30110.7,30939.6,32243.4,31773.3,32239.3,31957.0,32728.1,35508.0
16,Burundi,BDI,CO2 emissions (kt),EN.ATM.CO2E.KT,256.3,200.3,208.1,164.4,152.8,154.3,178.0,181.6,185.0,182.2,304.7,361.89,366.25,386.52,375.52,401.65,443.65,525.74,685.12,720.72
17,Belgium,BEL,CO2 emissions (kt),EN.ATM.CO2E.KT,117274.6,118339.8,110850.2,115502.1,114022.7,110610.8,108645.6,104587.3,106934.1,99666.1,106722.3,96482.2,95270.0,96586.3,90137.3,95131.8,94222.7,92723.8,93660.3,93008.5
18,Benin,BEN,CO2 emissions (kt),EN.ATM.CO2E.KT,1424.5,1735.1,2177.3,2443.2,2646.4,2899.6,3471.4,3998.2,4017.6,4417.2,4825.1,4652.6,4444.7,4676.4,5186.1,5505.6,6739.0,6874.2,7424.1,7300.3
19,Burkina Faso,BFA,CO2 emissions (kt),EN.ATM.CO2E.KT,941.13,965.53,964.03,1043.08,1055.04,1064.59,1240.48,1406.42,1700.6,1727.8,2293.0,2460.3,2944.5,3131.8,3176.7,3700.3,3703.5,4271.0,4670.2,5003.8
20,Bangladesh,BGD,CO2 emissions (kt),EN.ATM.CO2E.KT,21650.8,25779.0,27434.7,28629.8,30527.5,32710.8,35902.8,37992.3,41580.8,44750.0,50579.5,54422.2,57993.8,60595.7,63829.4,72194.0,74384.4,79344.4,83445.8,90736.5
21,Bulgaria,BGR,CO2 emissions (kt),EN.ATM.CO2E.KT,43421.1,46185.6,43599.9,47933.3,47265.7,47985.6,48954.8,52598.7,50039.3,42907.8,44740.6,49637.6,45023.1,39660.7,42054.4,44556.5,41586.7,43884.8,40898.2,39143.1
22,Bahrain,BHR,CO2 emissions (kt),EN.ATM.CO2E.KT,15876.5,16386.32,17221.48,17944.11,17927.3,20693.7,22485.4,23001.0,24762.2,24717.1,25965.7,26017.6,27174.2,28853.0,30282.7,30579.7,30304.6,30518.4,30809.5,33256.7
23,"Bahamas, The",BHS,CO2 emissions (kt),EN.ATM.CO2E.KT,2225.1,2219.9,2401.5,2380.2,2253.9,2109.5,2101.1,2118.1,2202.3,6165.0,2083.8,2571.9,3548.6,2809.1,2522.3,2210.5,2044.3,2175.0,2802.5,2836.1
24,Bosnia and Herzegovina,BIH,CO2 emissions (kt),EN.ATM.CO2E.KT,13955.1,13763.7,14556.0,14871.4,15571.7,16225.4,17910.2,18888.5,20761.2,20589.7,20842.5,23738.2,21960.2,21847.8,19493.7,19615.5,22341.1,22676.0,22600.1,21066.9
25,Belarus,BLR,CO2 emissions (kt),EN.ATM.CO2E.KT,52941.9,51883.8,51843.3,52703.9,56039.4,56779.6,59121.1,57648.9,60531.7,57402.3,61674.7,58550.8,59938.3,59990.2,59496.8,54820.3,55142.4,56005.0,58947.6,57672.2
26,Belize,BLZ,CO2 emissions (kt),EN.ATM.CO2E.KT,447.3,525.4,522.2,506.5,440.8,469.7,508.4,534.3,495.3,1464.3,557.0,669.0,667.4,457.9,484.3,676.0,652.4,644.4,631.6,639.8
27,Bermuda,BMU,CO2 emissions (kt),EN.ATM.CO2E.KT,,,,,,,,,,,,,,,,,,,,
28,Bolivia,BOL,CO2 emissions (kt),EN.ATM.CO2E.KT,8210.0,8047.5,8301.4,9084.6,9487.5,10052.9,11234.5,12084.4,13107.4,14004.5,15170.9,16614.8,17421.8,18742.2,20409.9,20757.5,22010.2,22745.7,23225.6,22340.7
29,Brazil,BRA,CO2 emissions (kt),EN.ATM.CO2E.KT,313670.7,319375.6,317756.4,310808.0,328517.3,331689.0,335624.5,352555.8,373633.0,350000.8,397931.0,418305.3,454232.8,486844.6,511617.9,485344.0,447077.2,456494.7,433988.8,434297.9
30,Barbados,BRB,CO2 emissions (kt),EN.ATM.CO2E.KT,1241.0,1313.8,1372.0,1383.6,1363.9,1416.1,1466.6,1481.2,1780.4,4617.7,1552.9,1763.65,2121.42,1441.17,1270.47,1267.07,1288.57,1176.67,1235.77,1249.97
31,Brunei Darussalam,BRN,CO2 emissions (kt),EN.ATM.CO2E.KT,4717.9,4708.8,4620.1,5515.5,5103.0,4991.3,7520.7,7143.2,7912.4,7874.3,7170.8,7332.7,7299.4,7208.8,7080.3,6397.7,6968.5,7290.1,7540.0,6986.2
32,Bhutan,BTN,CO2 emissions (kt),EN.ATM.CO2E.KT,213.94,231.1,241.12,260.44,289.73,321.23,323.68,321.98,297.65,322.4,397.74,591.0,642.7,666.9,704.1,767.8,930.7,968.6,1051.7,1053.8
33,Botswana,BWA,CO2 emissions (kt),EN.ATM.CO2E.KT,4033.8,3865.6,4026.7,3915.0,3970.3,4278.6,4086.9,4319.8,4392.7,4186.58,3371.7,3883.337,3414.335,5421.539,6988.912,6952.812,6629.312,7334.412,7314.7,7252.5
34,Central African Republic,CAF,CO2 emissions (kt),EN.ATM.CO2E.KT,242.5,252.5,249.3,230.4,225.7,223.9,234.2,237.6,171.3,168.0,174.6,194.3,198.4,121.6,131.5,185.7,207.6,223.7,230.3,242.6
35,Canada,CAN,CO2 emissions (kt),EN.ATM.CO2E.KT,514215.2,506616.0,524353.5,544541.9,536417.4,549032.8,540525.7,571632.2,550469.8,521316.0,537008.2,549286.5,546208.1,555658.9,561677.0,558700.8,556827.6,568082.4,580088.0,580212.8
36,Central Europe and the Baltics,CEB,CO2 emissions (kt),EN.ATM.CO2E.KT,709032.47,721099.8,706185.1,735881.3,735036.4,733631.8,751337.6,758258.7,740862.4,683712.3,707017.3,707138.7,680985.7,654549.7,633334.3,643894.8,655574.4,679383.4,673569.3,641565.4
37,Switzerland,CHE,CO2 emissions (kt),EN.ATM.CO2E.KT,43708.8,45154.7,43573.3,44839.5,45283.9,45850.7,45479.3,43541.2,44962.5,43668.6,45207.8,41192.3,42516.6,43531.2,39793.3,39090.8,39666.5,38699.0,37481.3,37376.3
38,Channel Islands,CHI,CO2 emissions (kt),EN.ATM.CO2E.KT,,,,,,,,,,,,,,,,,,,,
39,Chile,CHL,CO2 emissions (kt),EN.ATM.CO2E.KT,50424.5,48425.1,49121.4,50200.6,54972.1,55968.9,57148.1,64574.0,67991.6,65450.6,69750.1,76470.5,78412.6,82998.5,76560.3,82225.4,86492.0,87072.2,86606.1,91369.4
40,China,CHN,CO2 emissions (kt),EN.ATM.CO2E.KT,3346526.0,3529081.0,3810057.0,4415913.0,5124817.0,5824625.0,6437470.0,6993183.0,7199605.0,7719071.0,8474923.0,9282554.0,9541867.0,9984572.0,10006670.0,9861100.0,9874656.0,10096010.0,10502930.0,10707220.0
41,Cote d'Ivoire,CIV,CO2 emissions (kt),EN.ATM.CO2E.KT,6489.4,6494.3,6838.9,5307.5,5466.1,5876.5,5698.7,5657.8,6474.7,6031.2,6350.6,6118.3,8037.7,8692.4,9196.9,9805.7,9593.5,10563.8,10194.8,10833.4
42,Cameroon,CMR,CO2 emissions (kt),EN.ATM.CO2E.KT,5209.1,5156.7,5133.2,5206.0,5122.6,5016.3,5091.6,6131.5,6393.5,7032.3,7014.3,6811.1,6876.3,7545.9,8248.2,8461.4,9078.1,9172.5,9587.5,9429.1
43,"Congo, Dem. Rep.",COD,CO2 emissions (kt),EN.ATM.CO2E.KT,1634.93,1565.44,1650.1,1998.6,1939.7,2208.7,2282.7,2472.8,2553.3,2502.7,2653.9,3016.9,2827.3,3959.5,5136.1,3231.4,2421.14,2845.0,3121.9,3209.8
44,"Congo, Rep.",COG,CO2 emissions (kt),EN.ATM.CO2E.KT,4348.186,4244.6,2755.9,3225.6,3515.3,4314.23,4779.06,4151.62,4361.49,4839.56,5424.45,5384.97,5261.65,5330.11,5194.7,5655.7,5498.3,5407.4,6486.7,7256.9
45,Colombia,COL,CO2 emissions (kt),EN.ATM.CO2E.KT,58341.7,58942.3,56767.0,56108.9,56112.1,57636.9,57688.7,59176.7,59782.2,62008.6,63564.3,69097.1,69695.2,76863.2,79201.5,80227.7,82684.5,74989.1,78592.3,81039.1
46,Comoros,COM,CO2 emissions (kt),EN.ATM.CO2E.KT,104.7,109.5,109.5,139.3,152.8,146.9,172.1,111.7,114.0,140.3,167.6,150.0,161.1,193.7,173.2,187.2,219.2,280.6,304.1,320.2
47,Cabo Verde,CPV,CO2 emissions (kt),EN.ATM.CO2E.KT,218.0,245.0,278.5,307.1,334.4,441.1,502.4,459.7,475.4,510.0,540.0,567.1,529.0,506.0,500.3,503.4,546.0,587.8,612.6,645.3
48,Costa Rica,CRI,CO2 emissions (kt),EN.ATM.CO2E.KT,4946.7,5420.6,5523.2,5797.4,5943.5,6273.8,6556.9,7601.5,7515.2,7198.3,7105.4,7430.4,7446.5,7778.3,7831.9,7537.9,8080.4,8255.1,8371.1,8238.1
49,Caribbean small states,CSS,CO2 emissions (kt),EN.ATM.CO2E.KT,28733.42,30489.16,31612.16,34869.56,35513.86,37041.36,40888.67,41582.58,39126.09,47901.37,38612.17,40734.68,42063.95,40508.28,40102.359,39313.0,37272.556,36387.4,37877.5,37851.6
50,Cuba,CUB,CO2 emissions (kt),EN.ATM.CO2E.KT,28353.1,27465.1,26423.5,25628.6,25364.8,26317.9,26780.2,27677.5,26747.1,26979.6,28110.0,27586.3,28690.9,28869.7,26688.7,29212.4,27174.2,26242.1,26710.7,25910.9
51,Curacao,CUW,CO2 emissions (kt),EN.ATM.CO2E.KT,,,,,,,,,,,,,,,,,,,,
52,Cayman Islands,CYM,CO2 emissions (kt),EN.ATM.CO2E.KT,,,,,,,,,,,,,,,,,,,,
53,Cyprus,CYP,CO2 emissions (kt),EN.ATM.CO2E.KT,7127.7,6992.1,7168.5,7834.1,7778.8,7900.8,7999.4,8307.1,8490.7,8276.1,7898.4,7634.6,7098.8,6427.7,6811.8,6851.9,7219.2,7361.2,7198.6,7193.2
54,Czechia,CZE,CO2 emissions (kt),EN.ATM.CO2E.KT,123167.5,122721.4,118527.5,122765.7,123437.5,119994.9,120598.3,123624.7,118305.1,111165.1,112251.3,109172.8,106073.4,101150.7,97510.1,99140.8,101730.0,101831.8,100899.7,96285.2
55,Germany,DEU,CO2 emissions (kt),EN.ATM.CO2E.KT,830284.1,847678.2,833382.2,836794.5,821073.6,802383.2,814413.1,783803.0,789690.4,734805.5,773069.1,746477.3,760127.7,776151.8,736011.7,742314.4,747147.2,732204.2,707700.7,657401.0
56,Djibouti,DJI,CO2 emissions (kt),EN.ATM.CO2E.KT,372.4,375.7,398.9,413.3,395.0,428.9,432.6,469.9,474.0,465.0,518.4,475.2,495.8,562.79,404.77,464.85,416.95,416.92,403.32,420.02
57,Dominica,DMA,CO2 emissions (kt),EN.ATM.CO2E.KT,131.8,151.8,122.7,136.7,155.3,160.1,171.1,179.9,184.3,503.3,181.6,179.2,247.6,171.6,180.2,181.2,182.9,166.0,165.7,167.8
58,Denmark,DNK,CO2 emissions (kt),EN.ATM.CO2E.KT,52601.8,54245.2,53839.5,59233.8,53727.3,50201.7,58133.9,53411.3,50127.5,47933.4,48124.7,43097.9,38216.1,39960.6,35819.6,33695.4,35321.7,33132.2,33131.2,29696.2
59,Dominican Republic,DOM,CO2 emissions (kt),EN.ATM.CO2E.KT,18670.6,18983.7,20884.1,18725.2,17282.2,18690.8,20368.5,20626.8,20581.3,19657.2,20680.8,20913.9,21681.5,21287.2,21450.7,23590.5,24593.5,23551.3,25308.0,27233.3
60,Algeria,DZA,CO2 emissions (kt),EN.ATM.CO2E.KT,80047.6,78646.1,82404.8,88189.5,89493.3,94188.4,99809.3,102750.7,107746.2,112172.7,114179.9,120785.4,134934.9,139024.9,147736.1,156273.9,154906.2,158335.3,165539.0,171249.6
61,East Asia & Pacific (excluding high income),EAP,CO2 emissions (kt),EN.ATM.CO2E.KT,4137162.52,4361364.83,4672614.88,5333298.43,6100223.22,6832097.82,7473933.23,8068354.04,8305968.12,8812248.88,9648196.92,10510577.7,10805656.97,11254407.23,11353515.04,11270393.35,11308647.77,11613415.71,12156028.67,12491609.37
62,Early-demographic dividend,EAR,CO2 emissions (kt),EN.ATM.CO2E.KT,3868066.855,3962237.32,4083678.913,4251628.363,4480404.723,4671131.993,4925109.07,5219624.917,5419716.826,5581136.917,5856225.177,6082938.839,6383866.267,6456842.034,6785078.597,6845111.394,6951472.678,7225634.361,7394165.42,7441355.706
63,East Asia & Pacific,EAS,CO2 emissions (kt),EN.ATM.CO2E.KT,6192251.62,6427366.03,6773117.98,7443665.03,8239416.72,8972208.42,9605805.43,10261606.94,10448593.92,10913077.68,11848105.12,12791379.1,13129693.97,13580115.93,13613856.84,13519627.35,13561631.87,13873866.91,14377243.07,14658934.17
64,Europe & Central Asia (excluding high income),ECA,CO2 emissions (kt),EN.ATM.CO2E.KT,2577433.803,2565070.918,2598769.359,2707277.693,2706680.898,2723034.4,2834565.3,2891582.9,2930868.16,2703687.25,2840088.9,2997024.4,2961177.8,2910065.6,2818769.5,2746798.5,2778996.6,2839643.1,2920445.7,2936522.3
65,Europe & Central Asia,ECS,CO2 emissions (kt),EN.ATM.CO2E.KT,6506133.714,6563900.32,6575769.817,6786992.187,6793123.052,6786789.651,6907818.561,6907756.416,6857106.572,6337882.005,6577680.93,6592124.263,6523856.683,6389863.515,6108307.14,6078639.049,6102673.839,6166570.907,6178451.647,6045197.948
66,Ecuador,ECU,CO2 emissions (kt),EN.ATM.CO2E.KT,22051.3,24251.4,24172.2,24655.6,26177.5,28220.1,30126.1,30635.7,31687.8,34498.3,37253.8,37096.5,37085.1,39701.0,41801.1,41524.2,39808.5,38551.5,40138.6,39293.3
67,"Egypt, Arab Rep.",EGY,CO2 emissions (kt),EN.ATM.CO2E.KT,114614.8,126704.8,129441.6,133020.7,144504.2,162217.5,170745.4,183396.0,189935.5,197660.8,200313.6,205767.6,215001.4,213856.9,219121.7,226277.5,231230.9,242225.4,247913.7,249367.1
68,Euro area,EMU,CO2 emissions (kt),EN.ATM.CO2E.KT,2632455.97,2679477.4,2684266.7,2741407.3,2754823.7,2746325.1,2730012.8,2692964.7,2635778.5,2438190.8,2501245.3,2411285.1,2381612.4,2332854.1,2208169.6,2256741.0,2255187.6,2258564.4,2201439.1,2092833.9
69,Eritrea,ERI,CO2 emissions (kt),EN.ATM.CO2E.KT,636.69,696.62,679.85,688.78,682.2,599.93,523.57,513.82,446.41,468.33,500.65,569.99,621.04,637.33,648.32,648.1,659.5,722.87,851.7,875.3
70,Spain,ESP,CO2 emissions (kt),EN.ATM.CO2E.KT,293314.3,294786.8,312753.3,318657.7,335560.3,350499.8,341776.3,354683.1,324274.2,287490.3,273254.2,274396.8,269265.6,242805.6,240960.8,256283.1,247033.3,263450.5,257042.8,239977.8
71,Estonia,EST,CO2 emissions (kt),EN.ATM.CO2E.KT,14916.5,15384.1,14952.7,16938.3,17023.1,17232.8,15983.9,19982.2,18398.1,15046.1,18997.0,18170.8,16886.7,19316.5,17939.4,15538.3,15990.5,16707.7,15324.3,10175.4
72,Ethiopia,ETH,CO2 emissions (kt),EN.ATM.CO2E.KT,3557.0,4401.3,4571.5,5022.4,5334.2,5049.5,5404.8,5963.5,6487.7,6534.5,6473.2,7539.3,8478.4,10081.0,12341.4,12892.5,14966.6,15818.2,17244.6,18359.3
73,European Union,EUU,CO2 emissions (kt),EN.ATM.CO2E.KT,3362393.57,3419467.7,3411198.4,3502218.8,3507496.7,3488154.9,3497012.5,3456575.2,3378891.8,3129196.1,3213190.0,3118369.0,3059098.2,2982333.4,2836772.0,2895707.4,2905124.2,2926622.7,2862314.5,2724946.2
74,Fragile and conflict affected situations,FCS,CO2 emissions (kt),EN.ATM.CO2E.KT,789750.887,815541.372,808335.392,837865.286,827647.721,841074.234,843049.548,836241.829,860614.145,817011.301,883425.54,885716.797,928376.42,939743.82,913740.457,831283.54,849559.99,842218.89,859012.99,851746.54
75,Finland,FIN,CO2 emissions (kt),EN.ATM.CO2E.KT,55097.5,61088.1,63439.7,71708.1,67682.9,55460.2,67024.9,65102.7,56660.1,54180.9,62526.4,55123.4,49408.1,50191.3,46161.7,42815.4,45700.3,43015.4,44581.3,40706.8
76,Fiji,FJI,CO2 emissions (kt),EN.ATM.CO2E.KT,807.98,1040.32,884.54,1047.03,1466.93,1288.79,1383.73,1262.21,965.92,970.39,1163.82,1112.5,1030.17,1133.6,1288.84,1383.25,1520.57,1654.91,1627.57,1632.37
77,France,FRA,CO2 emissions (kt),EN.ATM.CO2E.KT,373116.8,376727.3,371018.2,376705.7,377785.5,380655.1,371547.0,362828.2,357990.2,343733.5,347778.1,335139.7,338418.6,338555.7,306100.5,311300.8,313921.8,317828.8,307049.9,300515.6
78,Faroe Islands,FRO,CO2 emissions (kt),EN.ATM.CO2E.KT,,,,,,,,,,,,,,,,,,,,
79,"Micronesia, Fed. Sts.",FSM,CO2 emissions (kt),EN.ATM.CO2E.KT,134.4,151.3,141.2,155.8,159.7,164.0,144.2,138.5,120.9,134.5,111.9,117.7,128.9,137.3,142.3,148.3,173.6,175.5,174.7,175.2
80,Gabon,GAB,CO2 emissions (kt),EN.ATM.CO2E.KT,6079.8,6225.55,5955.2,6436.2,6090.8,6058.1,5437.0,4941.01,5272.37,5199.98,5758.49,5776.74,5601.87,5790.37,5962.05,6116.1,6420.0,5333.1,5122.3,5245.5
81,United Kingdom,GBR,CO2 emissions (kt),EN.ATM.CO2E.KT,530888.0,545262.0,530785.7,543036.9,543075.7,540916.8,542060.7,530502.3,515335.5,466492.3,482441.2,445591.6,467780.3,453761.3,415599.3,401078.5,380811.8,367002.4,360734.7,348921.9
82,Georgia,GEO,CO2 emissions (kt),EN.ATM.CO2E.KT,4772.8,3516.2,2958.4,3157.2,3373.1,4243.1,4701.3,5626.6,4838.8,5624.3,5322.1,6521.8,7193.0,7837.4,8469.2,9201.1,9651.9,9725.8,9568.7,10113.2
83,Ghana,GHA,CO2 emissions (kt),EN.ATM.CO2E.KT,5737.9,6209.6,7431.7,7140.0,6680.7,7044.3,8505.0,9115.3,8659.0,10013.3,11192.4,11748.2,14614.4,15633.4,15089.3,15778.2,16069.8,17013.8,18675.1,20040.6
84,Gibraltar,GIB,CO2 emissions (kt),EN.ATM.CO2E.KT,,,,,,,,,,,,,,,,,,,,
85,Guinea,GIN,CO2 emissions (kt),EN.ATM.CO2E.KT,1490.9,1565.4,1627.6,1703.4,1769.0,1834.0,1901.0,1977.1,2011.5,2121.8,2499.5,2623.1,2484.7,2176.9,2243.3,2540.1,2823.3,3340.5,3752.5,3954.6
86,"Gambia, The",GMB,CO2 emissions (kt),EN.ATM.CO2E.KT,244.2,308.0,298.9,298.6,317.3,332.6,360.7,413.2,432.0,489.6,438.7,452.3,461.0,439.1,516.0,529.0,533.2,541.0,548.3,577.4
87,Guinea-Bissau,GNB,CO2 emissions (kt),EN.ATM.CO2E.KT,146.6,147.9,153.3,194.6,205.0,209.3,216.6,229.7,223.5,234.3,240.7,243.6,247.5,249.4,265.6,283.9,306.9,308.3,315.0,330.8
88,Equatorial Guinea,GNQ,CO2 emissions (kt),EN.ATM.CO2E.KT,2215.4,3401.8,4630.8,5010.1,6201.6,8321.9,9372.4,8538.3,9777.3,9711.9,9949.4,9992.3,9819.4,9183.9,7907.5,6567.5,6655.1,5795.4,6428.7,5351.8
89,Greece,GRC,CO2 emissions (kt),EN.ATM.CO2E.KT,94460.6,96607.8,96596.2,100216.6,99844.6,101947.3,100702.8,104309.9,100405.6,94740.2,87578.5,84547.2,80085.3,72484.2,69548.7,68010.2,66848.6,66795.5,65021.2,59996.8
90,Grenada,GRD,CO2 emissions (kt),EN.ATM.CO2E.KT,208.9,226.1,244.5,251.2,233.3,246.0,260.1,275.1,290.7,806.4,288.0,306.7,413.1,317.5,253.9,273.0,277.9,288.2,321.1,325.0
91,Greenland,GRL,CO2 emissions (kt),EN.ATM.CO2E.KT,,,,,,,,,,,,,,,,,,,,
92,Guatemala,GTM,CO2 emissions (kt),EN.ATM.CO2E.KT,9417.6,9814.3,10468.7,10542.9,10754.7,11528.7,11521.2,12410.1,11240.3,11852.3,11442.3,11736.4,12145.2,13004.6,13947.1,16335.3,17490.3,16573.8,18318.0,19313.0
93,Guam,GUM,CO2 emissions (kt),EN.ATM.CO2E.KT,,,,,,,,,,,,,,,,,,,,
94,Guyana,GUY,CO2 emissions (kt),EN.ATM.CO2E.KT,1660.3,1643.8,1621.9,1617.8,1671.7,1481.6,1332.8,1605.2,1603.7,1627.2,1759.3,1831.6,2000.8,1975.6,2063.389,2079.93,2478.6,2473.8,2587.1,2846.2
95,High income,HIC,CO2 emissions (kt),EN.ATM.CO2E.KT,12862465.311,12933311.122,12841449.638,13070708.304,13210945.654,13252555.251,13196252.061,13361955.016,13096054.512,12358768.855,12874491.33,12653550.113,12509982.803,12593910.485,12395856.81,12358842.519,12264287.109,12191013.077,12206205.717,11878630.618
96,"Hong Kong SAR, China",HKG,CO2 emissions (kt),EN.ATM.CO2E.KT,,,,,,,,,,,,,,,,,,,,
97,Honduras,HND,CO2 emissions (kt),EN.ATM.CO2E.KT,4987.2,5800.1,6087.8,6726.2,7557.8,6973.6,7974.5,8536.1,8587.1,8072.9,8181.3,8814.1,9238.1,9371.3,9464.9,9930.2,9465.3,9263.9,10048.8,10219.6
98,Heavily indebted poor countries (HIPC),HPC,CO2 emissions (kt),EN.ATM.CO2E.KT,79667.221,83764.798,87947.693,92004.357,97000.8,101869.864,110956.09,118318.557,124527.456,132865.277,144585.727,154534.567,165294.062,171795.355,181710.391,193613.982,204415.29,211421.259,222424.89,228716.426
99,Croatia,HRV,CO2 emissions (kt),EN.ATM.CO2E.KT,18040.4,19203.0,20281.7,21613.9,21099.7,21453.0,21605.3,22879.0,21731.3,20308.9,19460.3,19031.6,17409.0,17010.6,16236.4,16602.3,16876.8,17407.9,16433.4,16523.3
100,Haiti,HTI,CO2 emissions (kt),EN.ATM.CO2E.KT,1473.3,1600.5,1827.2,1810.3,1666.8,1704.8,1718.8,2045.4,2029.3,1991.4,2458.2,2697.54,2415.34,2650.86,3021.14,3280.44,3364.54,3326.24,3289.74,3317.34
101,Hungary,HUN,CO2 emissions (kt),EN.ATM.CO2E.KT,54633.3,56280.4,55599.9,58186.9,56349.8,55921.2,55457.5,53850.4,53014.2,47839.1,47880.5,46907.3,43427.2,40762.6,40625.2,43384.1,44248.4,46435.2,46396.0,46382.3
102,IBRD only,IBD,CO2 emissions (kt),EN.ATM.CO2E.KT,10107554.383,10418084.478,10821336.369,11703154.813,12676695.018,13581018.61,14512060.67,15396441.99,15861394.86,16270244.62,17489092.96,18680037.207,19248312.735,19799449.749,20026058.062,19859514.512,19928172.398,20430527.442,21168610.43,21498640.93
103,IDA & IBRD total,IBT,CO2 emissions (kt),EN.ATM.CO2E.KT,10642342.885,10969893.24,11375266.434,12270272.029,13269600.092,14193788.887,15147362.038,16051026.066,16531761.951,16934249.108,18190473.797,19403403.386,19969451.667,20534853.794,20788956.863,20639690.794,20764721.708,21319559.631,22070593.91,22436755.846
104,IDA total,IDA,CO2 emissions (kt),EN.ATM.CO2E.KT,534788.502,551808.762,553930.065,567117.216,592905.074,612770.277,635301.368,654584.076,670367.091,664004.488,701380.837,723366.179,721138.932,735404.045,762898.801,780176.282,836549.31,889032.189,901983.48,938114.916
105,IDA blend,IDB,CO2 emissions (kt),EN.ATM.CO2E.KT,355718.266,364074.72,358226.44,360374.33,376088.73,375718.42,385632.89,387556.23,393884.71,380255.15,399814.97,410401.47,397107.22,413877.81,424024.34,424959.05,453442.37,472435.41,467305.27,485043.37
106,Indonesia,IDN,CO2 emissions (kt),EN.ATM.CO2E.KT,280645.1,302064.2,305642.4,333887.5,341244.7,342147.9,364466.9,379956.5,376137.7,391082.6,415516.5,475314.4,481506.1,447942.0,483911.9,488548.0,482508.0,517323.6,576991.5,619840.7
107,IDA only,IDX,CO2 emissions (kt),EN.ATM.CO2E.KT,179070.236,187734.042,195703.625,206742.886,216816.344,237051.857,249668.478,267027.846,276482.381,283749.338,301565.867,312964.709,324031.712,321526.235,338874.461,355217.232,383106.94,416596.779,434678.21,453071.546
108,Isle of Man,IMN,CO2 emissions (kt),EN.ATM.CO2E.KT,,,,,,,,,,,,,,,,,,,,
109,India,IND,CO2 emissions (kt),EN.ATM.CO2E.KT,937858.7,953537.6,985453.6,1011771.0,1085667.0,1136467.0,1215206.0,1336737.0,1424383.0,1564881.0,1659983.0,1756744.0,1909443.0,1972430.0,2147108.0,2158024.0,2195249.0,2320405.0,2451927.0,2456301.0
110,Not classified,INX,CO2 emissions (kt),EN.ATM.CO2E.KT,,,,,,,,,,,,,,,,,,,,
111,Ireland,IRL,CO2 emissions (kt),EN.ATM.CO2E.KT,42533.5,44815.3,43929.8,44086.8,44687.6,46650.5,47263.3,46355.8,45780.1,40564.6,40188.5,36681.3,37127.9,35709.3,35525.3,37063.0,38824.8,37778.5,37661.7,35750.9
112,"Iran, Islamic Rep.",IRN,CO2 emissions (kt),EN.ATM.CO2E.KT,340453.4,354065.9,369873.4,389774.0,417657.4,450792.6,484175.8,514139.9,523045.3,542294.2,541168.0,552047.8,559119.1,583700.1,605352.8,599180.4,607211.9,626423.1,637429.0,630014.4
113,Iraq,IRQ,CO2 emissions (kt),EN.ATM.CO2E.KT,87630.0,97552.8,91164.3,81277.6,88107.7,85127.4,82957.5,76649.6,88135.7,94204.9,108549.6,113039.1,129003.3,139102.6,134044.8,133168.4,142232.6,155082.6,163150.1,174558.5
114,Iceland,ISL,CO2 emissions (kt),EN.ATM.CO2E.KT,2225.44,2163.29,2243.77,2226.41,2319.29,2289.35,2333.65,2382.97,2182.63,2108.0,1959.124,1888.35,1859.9,2031.8,2047.5,2057.5,1630.7,1672.5,1695.8,1636.3
115,Israel,ISR,CO2 emissions (kt),EN.ATM.CO2E.KT,56997.3,57952.5,61080.6,62925.5,63159.9,61012.4,64331.0,66597.9,66708.0,65727.7,70520.3,69822.8,76063.2,67002.5,64717.8,66142.0,64980.2,65613.7,61076.7,62650.3
116,Italy,ITA,CO2 emissions (kt),EN.ATM.CO2E.KT,436296.6,436571.4,443473.1,462197.8,472404.8,473831.8,466654.5,459371.1,444984.5,397057.1,405272.3,396687.4,376747.2,346458.3,327498.0,337862.1,333344.8,329193.3,324884.2,317238.6
117,Jamaica,JAM,CO2 emissions (kt),EN.ATM.CO2E.KT,10065.0,10083.0,10248.1,10593.7,10571.8,10563.5,12059.6,12023.1,9619.0,7879.4,7476.7,7532.6,6959.0,7402.3,7191.3,7088.7,7573.9,7218.7,8611.0,8394.4
118,Jordan,JOR,CO2 emissions (kt),EN.ATM.CO2E.KT,16268.1,16250.9,16873.5,17309.8,18580.9,19869.0,20167.0,21090.3,20009.0,20665.0,20196.8,20756.3,24123.3,23803.7,25553.1,25309.1,24824.0,26153.8,24777.0,24627.5
119,Japan,JPN,CO2 emissions (kt),EN.ATM.CO2E.KT,1182607.0,1170384.0,1206595.0,1214947.0,1209849.0,1212821.0,1189524.0,1225069.0,1158222.0,1100984.0,1156480.0,1213515.0,1253614.0,1262775.0,1217119.0,1179445.0,1167792.0,1155235.0,1116153.0,1081572.0
120,Kazakhstan,KAZ,CO2 emissions (kt),EN.ATM.CO2E.KT,120149.7,117441.2,131064.2,146139.1,158026.5,169214.3,185296.0,198389.5,242035.0,213614.3,229700.1,245452.6,244596.7,260013.3,209227.8,190726.9,202152.6,214582.5,216604.8,212107.9
121,Kenya,KEN,CO2 emissions (kt),EN.ATM.CO2E.KT,8320.4,7614.8,7420.9,6528.7,7436.0,8324.6,9298.9,9367.8,9910.4,11708.7,12640.8,13034.5,12150.0,14103.7,15148.9,17214.1,19113.3,18984.0,17493.8,22281.7
122,Kyrgyz Republic,KGZ,CO2 emissions (kt),EN.ATM.CO2E.KT,4670.6,3966.7,4968.7,5585.8,5557.6,5302.5,5320.8,6469.7,7507.6,6761.9,6352.7,7623.8,10057.7,9379.5,9707.6,10267.6,9700.8,9429.2,11247.7,10046.7
123,Cambodia,KHM,CO2 emissions (kt),EN.ATM.CO2E.KT,1963.0,2152.6,2210.9,2378.2,2377.8,2657.5,2963.0,3660.73,4055.5,4745.0,5140.8,5363.7,5673.9,5737.6,6947.2,8432.6,11066.4,12686.4,14578.0,16177.4
124,Kiribati,KIR,CO2 emissions (kt),EN.ATM.CO2E.KT,34.8,33.1,42.1,44.9,53.0,69.2,74.2,60.8,63.0,57.7,53.9,53.9,57.5,63.9,60.6,62.1,67.8,87.2,86.6,86.9
125,St. Kitts and Nevis,KNA,CO2 emissions (kt),EN.ATM.CO2E.KT,190.6,206.1,234.3,227.1,235.9,219.6,231.9,246.2,246.0,702.8,241.3,278.6,339.7,227.5,228.7,238.0,245.0,243.5,245.8,248.8
126,"Korea, Rep.",KOR,CO2 emissions (kt),EN.ATM.CO2E.KT,456657.0,471532.6,463004.7,465698.9,485909.6,481002.1,487852.1,503693.8,514924.5,526639.5,575215.7,598480.8,600316.3,599601.4,588088.6,607827.1,615882.2,626626.8,630638.3,610788.5
127,Kuwait,KWT,CO2 emissions (kt),EN.ATM.CO2E.KT,49835.1,53186.0,55590.7,58117.2,61914.2,69906.9,72434.3,70596.3,75844.2,77651.6,80723.1,83288.9,85314.2,87361.6,85573.7,89020.2,91549.3,90727.0,91387.5,92648.2
128,Latin America & Caribbean (excluding high income),LAC,CO2 emissions (kt),EN.ATM.CO2E.KT,1037668.12,1038513.16,1037722.76,1059424.16,1105922.06,1138732.96,1175969.47,1219912.68,1250110.89,1213991.17,1295874.87,1353852.47,1403061.07,1443431.77,1460987.729,1461886.07,1429698.126,1419135.47,1387745.27,1382372.47
129,Lao PDR,LAO,CO2 emissions (kt),EN.ATM.CO2E.KT,903.07,997.81,1105.48,1151.44,1211.21,1257.28,1642.8,1734.3,2048.2,2537.5,2877.1,3043.0,3271.9,4160.8,4344.5,8875.9,15702.2,19054.5,19357.8,18709.9
130,Lebanon,LBN,CO2 emissions (kt),EN.ATM.CO2E.KT,15672.8,16890.9,16836.2,17414.9,17879.3,17278.9,16233.7,15039.6,18646.0,21902.7,20864.3,21175.1,23470.1,23244.5,25151.0,27014.1,27811.5,29321.5,27788.1,27946.5
131,Liberia,LBR,CO2 emissions (kt),EN.ATM.CO2E.KT,428.21,453.77,448.46,479.987,562.57,672.0,689.55,642.27,543.16,537.64,733.26,852.68,953.35,915.81,1217.8,1259.9,1410.29,1278.7,1127.9,1182.0
132,Libya,LBY,CO2 emissions (kt),EN.ATM.CO2E.KT,44717.8,44450.8,45590.2,48924.3,48462.2,52992.3,52919.0,49389.3,53269.4,56398.4,59553.5,41949.4,57625.6,58610.5,58001.8,51327.1,50951.0,55160.9,56621.5,56795.7
133,St. Lucia,LCA,CO2 emissions (kt),EN.ATM.CO2E.KT,385.9,421.9,433.4,445.8,448.7,443.5,475.7,482.5,494.7,1365.4,534.5,591.1,751.8,507.1,506.6,502.0,506.4,532.1,529.2,535.7
134,Latin America & Caribbean,LCN,CO2 emissions (kt),EN.ATM.CO2E.KT,1244541.62,1249614.36,1254608.26,1275256.66,1331924.46,1376350.86,1418773.47,1465016.28,1508990.99,1480316.07,1571025.97,1635370.32,1709809.69,1751625.34,1760580.399,1750122.04,1706938.396,1685605.44,1645654.54,1627955.44
135,Least developed countries: UN classification,LDC,CO2 emissions (kt),EN.ATM.CO2E.KT,109389.126,116832.692,121535.815,132589.786,139755.224,146944.257,156176.578,166068.846,175982.721,191211.788,208006.167,219572.709,230840.112,249205.235,267820.172,281559.802,303687.24,324294.079,340498.21,357629.646
136,Low income,LIC,CO2 emissions (kt),EN.ATM.CO2E.KT,119544.156,124732.782,122721.715,125051.906,128574.384,135637.747,140227.098,130935.336,140424.871,128466.188,133273.827,126831.309,131912.912,123197.245,133191.402,134502.552,146259.99,173113.359,177711.49,186170.626
137,Liechtenstein,LIE,CO2 emissions (kt),EN.ATM.CO2E.KT,216.849,214.66,220.008,229.34,229.372,228.953,231.075,200.738,219.474,205.331,190.782,176.737,185.271,192.495,161.176,159.621,149.547,155.279,142.307,148.4
138,Sri Lanka,LKA,CO2 emissions (kt),EN.ATM.CO2E.KT,10928.9,10848.0,11385.2,12412.3,12868.2,13984.4,12404.9,13591.6,12810.7,12291.4,13071.8,15423.5,16847.0,14478.2,17599.4,20362.6,21926.6,23361.2,21691.3,23782.4
139,Lower middle income,LMC,CO2 emissions (kt),EN.ATM.CO2E.KT,2726228.896,2813314.66,2887651.27,3013698.94,3155462.44,3268057.79,3440075.84,3659293.33,3785129.2,3933238.9,4140107.69,4369751.21,4569556.79,4665721.99,4937489.61,4997235.49,5114645.59,5347258.26,5644589.36,5781102.76
140,Low & middle income,LMY,CO2 emissions (kt),EN.ATM.CO2E.KT,10135894.085,10455711.84,10858004.934,11738669.729,12728152.192,13645628.887,14578448.438,15469395.466,15950505.451,16362279.708,17587387.897,18776767.786,19332471.667,19899537.694,20177044.363,20029682.494,20159080.108,20731840.431,21489779.61,21890932.346
141,Lesotho,LSO,CO2 emissions (kt),EN.ATM.CO2E.KT,394.0,397.9,406.0,405.7,425.7,431.5,426.2,438.1,459.2,526.3,546.5,573.4,622.5,608.6,605.1,649.8,689.3,696.3,731.4,769.8
142,Late-demographic dividend,LTE,CO2 emissions (kt),EN.ATM.CO2E.KT,6787145.793,7028454.978,7350415.219,8074847.993,8882030.778,9659350.79,10398954.28,11034589.58,11372446.95,11662388.78,12645160.544,13612161.15,13929326.17,14412085.53,14405020.029,14279465.58,14283286.07,14585141.21,15093685.87,15423250.77
143,Lithuania,LTU,CO2 emissions (kt),EN.ATM.CO2E.KT,10514.2,11153.6,11221.7,11230.6,11914.3,12827.3,13017.3,13208.1,13064.5,11691.3,12603.7,11845.1,11926.5,11329.6,10863.6,11068.6,11202.4,11222.0,11652.5,11730.3
144,Luxembourg,LUX,CO2 emissions (kt),EN.ATM.CO2E.KT,8556.7,9118.5,9818.3,10241.6,11659.8,11912.9,11717.2,11114.4,11022.5,10442.8,11034.9,10903.8,10692.2,10153.0,9648.0,9134.2,8853.4,8997.8,9318.1,9489.2
145,Latvia,LVA,CO2 emissions (kt),EN.ATM.CO2E.KT,6929.57,7357.2,7352.2,7593.2,7616.5,7715.0,8199.9,8531.8,8105.9,7364.1,8518.1,7897.3,7570.7,7452.4,7282.3,7315.9,7145.3,7116.7,7785.2,7569.2
146,"Macao SAR, China",MAC,CO2 emissions (kt),EN.ATM.CO2E.KT,,,,,,,,,,,,,,,,,,,,
147,St. Martin (French part),MAF,CO2 emissions (kt),EN.ATM.CO2E.KT,,,,,,,,,,,,,,,,,,,,
148,Morocco,MAR,CO2 emissions (kt),EN.ATM.CO2E.KT,32876.5,36273.0,37470.0,37251.1,40993.0,43579.9,44997.4,46353.8,48633.4,48752.9,51755.9,55942.7,58076.0,57592.2,58691.7,60411.5,60316.0,63522.7,64963.7,71479.0
149,Monaco,MCO,CO2 emissions (kt),EN.ATM.CO2E.KT,,,,,,,,,,,,,,,,,,,,
150,Moldova,MDA,CO2 emissions (kt),EN.ATM.CO2E.KT,6709.6,7017.8,7182.4,7765.4,7775.9,8175.6,7975.1,8139.2,8150.0,7638.1,8295.1,8344.5,8137.3,7181.5,7712.2,8020.6,8143.0,8064.0,8540.0,8859.4
151,Madagascar,MDG,CO2 emissions (kt),EN.ATM.CO2E.KT,1654.02,1669.04,1121.93,1553.4,1645.54,1709.64,1637.09,1723.1,1780.34,1686.22,1869.8,2193.89,2741.74,2930.23,3010.62,3284.62,3181.72,3473.25,3350.17,4120.47
152,Maldives,MDV,CO2 emissions (kt),EN.ATM.CO2E.KT,462.8,482.0,615.4,529.4,746.6,721.3,874.8,866.5,870.5,911.8,958.3,1008.1,1140.9,1131.9,1368.2,1373.8,1756.7,1858.9,2103.4,2109.6
153,Middle East & North Africa,MEA,CO2 emissions (kt),EN.ATM.CO2E.KT,1325786.4,1391556.82,1442196.88,1494838.61,1578374.6,1683311.0,1780325.5,1862356.9,1974793.9,2038892.6,2127519.7,2171031.9,2292633.6,2338335.09,2414316.57,2451462.35,2476246.45,2515907.72,2500809.92,2544021.02
154,Mexico,MEX,CO2 emissions (kt),EN.ATM.CO2E.KT,379176.1,378830.7,386004.7,404692.3,414102.1,432187.5,448302.9,457121.2,459548.3,448372.7,462869.7,478403.7,486454.5,475737.7,462240.4,471632.9,473314.9,471578.7,452567.1,449266.1
155,Marshall Islands,MHL,CO2 emissions (kt),EN.ATM.CO2E.KT,102.9,106.5,116.3,114.2,128.5,136.8,138.3,141.4,133.2,136.6,140.1,140.5,138.6,142.7,145.5,150.1,175.6,179.5,179.0,179.5
156,Middle income,MIC,CO2 emissions (kt),EN.ATM.CO2E.KT,9976256.229,10290247.658,10693924.319,11567153.123,12550562.308,13449696.14,14373378.54,15269709.23,15736769.28,16163100.22,17386846.97,18591897.517,19154564.195,19740954.109,20013657.101,19881546.782,20000358.958,20543115.612,21301110.56,21693966.56
157,North Macedonia,MKD,CO2 emissions (kt),EN.ATM.CO2E.KT,8756.6,8923.4,8370.3,9137.0,8839.3,9233.5,9219.3,9698.2,9479.1,8867.9,8644.6,9516.2,9048.1,8144.3,7699.4,7405.9,7296.1,7787.9,7302.4,8302.6
158,Mali,MLI,CO2 emissions (kt),EN.ATM.CO2E.KT,1406.3,1610.0,1397.8,1398.0,1475.0,1649.8,1890.5,2069.0,2084.7,2511.6,2783.6,3122.6,3106.1,3217.5,3376.0,3652.2,4666.3,5178.7,5473.7,5833.8
159,Malta,MLT,CO2 emissions (kt),EN.ATM.CO2E.KT,2129.2,2489.1,2318.4,2608.0,2598.0,2626.4,2650.6,2715.6,2724.3,2509.9,2586.6,2573.1,2715.6,2371.5,2356.3,1657.1,1352.3,1521.2,1552.5,1658.6
160,Myanmar,MMR,CO2 emissions (kt),EN.ATM.CO2E.KT,9440.5,8351.8,8302.1,10486.6,10150.0,10721.6,9973.6,10392.7,7898.2,7494.1,8131.3,8692.9,11964.0,13595.7,17038.0,19037.2,21860.8,32495.9,32942.3,36718.2
161,Middle East & North Africa (excluding high income),MNA,CO2 emissions (kt),EN.ATM.CO2E.KT,812782.0,853578.3,872119.3,898149.5,954546.5,1027772.9,1078466.7,1120899.1,1164638.0,1207075.9,1231140.6,1238150.2,1297676.6,1325875.89,1358050.77,1348722.15,1366702.25,1425953.82,1455582.12,1473175.92
162,Montenegro,MNE,CO2 emissions (kt),EN.ATM.CO2E.KT,1520.843,1667.268,1766.249,1889.193,2041.278,2004.8,2179.3,2098.4,2693.3,1747.5,2584.2,2535.9,2331.6,2267.3,2218.4,2359.1,2150.7,2267.0,2500.3,2601.1
163,Mongolia,MNG,CO2 emissions (kt),EN.ATM.CO2E.KT,8996.67,8970.4,9604.46,9312.16,9561.28,11058.15,12419.2,13021.5,12974.4,13638.49,14311.1,15729.4,17141.5,18384.13,18122.0,17300.6,18172.8,19575.5,21545.7,23074.1
164,Northern Mariana Islands,MNP,CO2 emissions (kt),EN.ATM.CO2E.KT,,,,,,,,,,,,,,,,,,,,
165,Mozambique,MOZ,CO2 emissions (kt),EN.ATM.CO2E.KT,1426.9,1411.5,1570.9,1904.6,1910.0,1709.1,1861.0,2230.7,2238.7,2494.3,2680.6,3351.7,3679.1,4204.7,4861.6,5516.6,7282.0,7207.2,6948.1,7495.1
166,Mauritania,MRT,CO2 emissions (kt),EN.ATM.CO2E.KT,1267.5,1404.6,1549.0,1478.1,1639.1,1507.8,1727.1,1987.1,1899.5,2354.2,2402.2,2463.2,2729.3,2594.8,2902.6,3558.2,3262.5,3485.7,3685.2,3949.1
167,Mauritius,MUS,CO2 emissions (kt),EN.ATM.CO2E.KT,2431.9,2565.6,2612.6,2748.6,2770.3,2961.8,3304.2,3395.2,3466.8,3423.3,3661.8,3639.0,3725.0,3818.0,3949.4,3960.9,4035.5,4174.4,4133.9,4173.7
168,Malawi,MWI,CO2 emissions (kt),EN.ATM.CO2E.KT,712.67,684.29,682.12,747.32,768.45,763.08,784.05,830.14,960.86,981.15,885.7,929.52,946.96,976.33,846.8,925.0,1124.2,1187.06,1384.0,1453.7
169,Malaysia,MYS,CO2 emissions (kt),EN.ATM.CO2E.KT,124355.8,129458.6,136377.9,144488.9,158271.9,167419.3,174100.8,189938.7,202905.5,181928.6,200220.9,202740.2,205809.7,223662.4,236653.4,236537.3,235963.3,227617.9,244407.3,253266.5
170,North America,NAC,CO2 emissions (kt),EN.ATM.CO2E.KT,6290023.2,6254879.0,6117379.5,6203534.9,6274704.4,6302526.8,6193607.7,6307952.2,6108849.8,5677743.0,5929120.2,5722881.5,5502266.1,5647760.9,5668891.0,5549409.8,5451330.6,5387452.4,5555395.0,5397931.8
171,Namibia,NAM,CO2 emissions (kt),EN.ATM.CO2E.KT,1942.3,2459.7,2128.6,2265.8,2379.6,2525.5,2534.7,2619.7,2949.3,3019.5,3129.6,3326.4,3526.8,3785.2,3948.3,4198.4,4126.9,4266.5,4225.1,4216.0
172,New Caledonia,NCL,CO2 emissions (kt),EN.ATM.CO2E.KT,,,,,,,,,,,,,,,,,,,,
173,Niger,NER,CO2 emissions (kt),EN.ATM.CO2E.KT,667.17,665.63,696.66,760.67,794.29,759.56,753.94,819.96,863.94,1084.57,1371.24,1405.04,1894.88,1967.19,2146.137,2112.76,2108.56,1913.56,1953.25,2148.95
174,Nigeria,NGA,CO2 emissions (kt),EN.ATM.CO2E.KT,97218.4,101948.5,92240.1,100997.8,98727.6,98721.6,88769.9,81124.6,86933.9,76949.2,90057.1,94998.0,95336.5,108133.4,114832.0,107762.8,110833.9,108497.8,109885.2,115278.1
175,Nicaragua,NIC,CO2 emissions (kt),EN.ATM.CO2E.KT,3768.0,3925.5,4062.9,4562.7,4531.9,4338.7,4547.6,4696.3,4503.0,4394.5,4513.2,4766.2,4686.0,4473.3,4758.6,5271.2,5379.7,5475.4,5114.0,5236.1
176,Netherlands,NLD,CO2 emissions (kt),EN.ATM.CO2E.KT,162096.7,167116.1,167429.4,170362.8,172116.5,167926.0,163702.7,164550.6,165221.9,160488.3,171110.5,158768.0,157473.4,157090.2,149793.4,157410.6,158535.4,155757.8,151363.1,146341.0
177,Norway,NOR,CO2 emissions (kt),EN.ATM.CO2E.KT,34293.6,34717.8,34366.3,37169.9,37340.3,36351.3,37195.5,37746.8,36871.5,37425.5,41413.7,39601.6,38490.0,39503.6,39113.4,39495.0,38764.5,37716.6,37593.4,35946.4
178,Nepal,NPL,CO2 emissions (kt),EN.ATM.CO2E.KT,3221.0,3464.6,2786.7,3021.8,2809.6,3188.6,2616.1,2693.6,2994.9,3882.8,4640.9,5199.2,5997.8,6087.8,7132.2,7186.2,10411.7,12483.3,15190.8,13448.2
179,Nauru,NRU,CO2 emissions (kt),EN.ATM.CO2E.KT,88.1,80.7,78.1,68.8,69.0,72.0,48.8,44.3,42.3,40.2,42.5,40.0,41.9,47.4,51.1,55.9,63.2,67.3,64.0,64.2
180,New Zealand,NZL,CO2 emissions (kt),EN.ATM.CO2E.KT,29455.0,31618.8,31543.1,33397.6,32836.1,34232.2,34265.9,33270.5,34165.4,31169.7,31049.3,30290.7,32107.4,31885.5,31970.7,32281.2,31185.7,32927.4,32355.4,34008.7
181,OECD members,OED,CO2 emissions (kt),EN.ATM.CO2E.KT,12878241.01,12898067.39,12793557.87,13020400.61,13149425.99,13187638.25,13119460.95,13287284.07,12953674.53,12192586.9,12682233.924,12454190.05,12277870.8,12334447.0,12103220.8,12040561.9,11968697.7,11942139.3,11979096.9,11610594.1
182,Oman,OMN,CO2 emissions (kt),EN.ATM.CO2E.KT,25114.0,28031.2,29970.9,31699.1,31255.6,31013.0,39186.1,42261.4,41313.5,43594.2,47075.6,53619.5,60548.4,63014.3,66385.5,70130.6,72126.3,71926.0,75603.6,76026.8
183,Other small states,OSS,CO2 emissions (kt),EN.ATM.CO2E.KT,97077.723,100243.028,105836.519,113825.653,117427.498,124779.08,134294.53,143943.26,150755.45,146961.56,158866.954,166441.827,172362.105,178752.699,185560.132,184698.962,187952.562,189655.832,188580.02,190277.02
184,Pakistan,PAK,CO2 emissions (kt),EN.ATM.CO2E.KT,98374.1,99837.2,102325.6,105663.5,118650.6,121672.7,132480.2,146256.3,142164.2,145137.9,140618.6,141700.0,143809.1,146063.7,154235.2,164132.3,181113.3,198828.7,187313.6,190570.8
185,Panama,PAN,CO2 emissions (kt),EN.ATM.CO2E.KT,5282.7,6216.5,5410.0,5525.3,5609.5,7116.4,7490.3,7484.3,7297.5,8698.5,9190.6,9994.1,10461.6,10252.3,10758.1,10699.1,10768.7,10128.6,10058.4,13344.2
186,Peru,PER,CO2 emissions (kt),EN.ATM.CO2E.KT,28634.3,26537.3,27731.1,27157.8,31237.2,31291.9,30843.8,33808.4,38292.6,41170.6,44998.5,48427.5,48120.7,49752.0,53167.9,54553.7,56860.4,54274.3,54590.0,56746.3
187,Philippines,PHL,CO2 emissions (kt),EN.ATM.CO2E.KT,72104.9,70482.2,71571.1,73633.1,75139.8,76669.7,69466.0,73223.2,75147.3,76295.5,81932.4,82625.2,86183.1,95504.2,101822.5,111005.4,121960.7,133500.4,138568.0,145418.6
188,Palau,PLW,CO2 emissions (kt),EN.ATM.CO2E.KT,211.8,216.1,217.5,216.0,234.6,260.9,253.1,238.8,212.9,203.5,213.7,211.6,221.3,221.8,219.8,206.1,249.2,256.1,250.9,251.7
189,Papua New Guinea,PNG,CO2 emissions (kt),EN.ATM.CO2E.KT,2828.7,3388.1,3612.6,4077.0,4947.0,4929.4,4778.1,5045.2,4759.4,5025.1,5018.8,5156.7,4890.8,5239.7,5887.2,6511.2,7664.4,7609.7,7559.2,7582.0
190,Poland,POL,CO2 emissions (kt),EN.ATM.CO2E.KT,295774.4,293627.4,287320.3,297730.8,301854.0,301353.0,314093.0,313375.4,308325.3,297260.3,313739.1,310593.6,303351.4,298304.4,285730.0,289077.4,299802.4,312863.9,311910.1,295132.2
191,Pre-demographic dividend,PRE,CO2 emissions (kt),EN.ATM.CO2E.KT,261725.547,278528.352,265416.352,266925.693,278515.781,282019.354,277764.638,267636.239,294379.105,300788.811,339684.4,356206.047,377467.13,407325.63,417197.337,421370.82,440319.06,448713.26,463890.32,489880.07
192,Puerto Rico,PRI,CO2 emissions (kt),EN.ATM.CO2E.KT,,,,,,,,,,,,,,,,,,,,
193,"Korea, Dem. People's Rep.",PRK,CO2 emissions (kt),EN.ATM.CO2E.KT,71822.9,74385.1,71198.0,72737.2,74322.7,77588.2,78939.1,65633.8,72831.5,55361.9,51620.8,37098.9,38483.4,27629.1,31225.3,25102.5,29998.3,54287.0,50528.3,56042.4
194,Portugal,PRT,CO2 emissions (kt),EN.ATM.CO2E.KT,61661.2,61383.6,65604.9,60523.6,62128.8,65473.8,60448.0,58797.6,56844.4,56299.6,50937.3,49867.9,48220.3,46555.2,45931.1,49851.9,48757.4,53331.0,49504.6,44638.6
195,Paraguay,PRY,CO2 emissions (kt),EN.ATM.CO2E.KT,3524.3,3614.8,3775.4,3937.6,3973.7,3698.5,3954.6,3720.5,4323.2,4567.9,5043.3,5218.0,5177.4,5301.2,5628.0,6367.5,7182.1,8061.6,8472.2,8213.7
196,West Bank and Gaza,PSE,CO2 emissions (kt),EN.ATM.CO2E.KT,,,,,,,,,,,,,,,,,,,,
197,Pacific island small states,PSS,CO2 emissions (kt),EN.ATM.CO2E.KT,1964.88,2234.72,2102.34,2305.03,2810.53,2752.29,2804.33,2674.91,2268.82,2324.99,2512.02,2476.2,2409.07,2570.3,2746.44,2817.45,3245.37,3446.01,3417.27,3427.47
198,Post-demographic dividend,PST,CO2 emissions (kt),EN.ATM.CO2E.KT,12211411.5,12254040.4,12139104.7,12350145.4,12436057.1,12431313.8,12318691.2,12450203.1,12109455.2,11326908.4,11783272.3,11537424.15,11331135.22,11396009.47,11143265.87,11004118.17,10897681.77,10802508.47,10874680.07,10525699.37
199,French Polynesia,PYF,CO2 emissions (kt),EN.ATM.CO2E.KT,,,,,,,,,,,,,,,,,,,,
200,Qatar,QAT,CO2 emissions (kt),EN.ATM.CO2E.KT,28664.9,28649.5,32495.1,34743.1,37073.3,38535.7,43771.4,49833.3,53042.7,54066.6,60584.3,68192.9,75078.9,76171.4,81664.2,84776.3,86919.8,87540.2,86416.9,91967.4
201,Romania,ROU,CO2 emissions (kt),EN.ATM.CO2E.KT,89021.6,95230.0,93739.2,98144.4,95345.7,94714.2,99260.6,96734.7,95421.4,80711.5,77617.3,84064.9,81847.0,72093.7,71542.1,73317.5,71588.2,74210.7,75193.7,73948.3
202,Russian Federation,RUS,CO2 emissions (kt),EN.ATM.CO2E.KT,1563847.0,1567174.0,1565336.0,1609999.0,1600980.0,1611984.0,1654853.0,1658151.0,1655193.0,1546668.0,1617829.0,1699085.0,1675757.0,1632681.0,1611961.0,1592560.0,1571518.0,1594551.0,1661001.0,1703590.0
203,Rwanda,RWA,CO2 emissions (kt),EN.ATM.CO2E.KT,542.955,557.73,557.763,549.213,555.203,552.123,552.52,579.017,564.656,589.137,604.777,678.492,748.092,813.665,863.125,984.592,1163.59,1192.259,1287.43,1332.816
204,South Asia,SAS,CO2 emissions (kt),EN.ATM.CO2E.KT,1073470.46,1094914.338,1131275.95,1163506.947,1252593.837,1310618.041,1401572.66,1540230.69,1628666.39,1777055.27,1877355.99,1984016.59,2143953.73,2207441.25,2396856.14,2429987.39,2491075.93,2642032.98,2768790.38,2784077.53
205,Saudi Arabia,SAU,CO2 emissions (kt),EN.ATM.CO2E.KT,249656.5,254085.8,272252.7,284830.1,299891.0,315294.9,335436.2,354619.4,389715.4,406528.6,446133.4,463765.6,492468.1,503214.7,540521.2,565191.2,561230.9,545070.8,521256.8,523778.5
206,Sudan,SDN,CO2 emissions (kt),EN.ATM.CO2E.KT,5690.74,6254.93,7713.9,7931.9,8827.8,10496.0,12897.05,13963.4,14953.16,15480.7,16421.0,15923.7,15796.7,15216.3,16115.1,18708.1,21130.8,20961.6,20861.9,20622.8
207,Senegal,SEN,CO2 emissions (kt),EN.ATM.CO2E.KT,4063.7,4455.4,4579.6,4486.4,5390.2,5666.2,5569.4,6202.1,6436.1,6666.2,7026.2,7571.4,7454.6,8013.0,8572.0,9285.5,10132.8,9800.8,10176.6,10616.6
208,Singapore,SGP,CO2 emissions (kt),EN.ATM.CO2E.KT,42117.5,42031.3,41290.8,38157.7,39618.8,36901.4,37171.6,38286.0,38423.6,38831.8,42413.6,44766.9,43692.3,43912.3,44398.5,45431.9,46100.8,49141.3,47397.0,47378.6
209,Solomon Islands,SLB,CO2 emissions (kt),EN.ATM.CO2E.KT,235.7,246.1,258.0,269.3,308.3,339.1,336.4,335.3,323.2,331.7,341.1,354.2,354.4,390.2,344.0,311.9,357.3,354.7,356.4,357.5
210,Sierra Leone,SLE,CO2 emissions (kt),EN.ATM.CO2E.KT,332.4,441.6,496.7,549.0,531.5,446.0,590.4,502.9,519.1,517.2,559.4,735.3,860.2,1038.9,1146.6,907.8,932.5,939.5,855.2,898.9
211,El Salvador,SLV,CO2 emissions (kt),EN.ATM.CO2E.KT,5631.6,5868.6,5935.3,6510.2,6676.8,6836.3,7235.0,7629.0,6909.8,6676.8,6539.2,6778.7,6771.6,6455.8,6592.2,7001.5,7171.6,6383.7,6810.4,7797.8
212,San Marino,SMR,CO2 emissions (kt),EN.ATM.CO2E.KT,,,,,,,,,,,,,,,,,,,,
213,Somalia,SOM,CO2 emissions (kt),EN.ATM.CO2E.KT,485.3,508.5,570.0,575.9,576.3,580.0,581.5,623.2,618.3,613.8,630.4,632.9,629.7,654.5,651.0,650.7,658.3,658.6,659.2,693.7
214,Serbia,SRB,CO2 emissions (kt),EN.ATM.CO2E.KT,43985.4,45002.8,48581.2,52145.0,56345.3,50685.1,53009.0,51463.6,49825.9,46874.8,47103.9,51230.2,45790.2,46472.5,38958.7,45389.2,46621.2,47339.3,46127.3,45946.1
215,Sub-Saharan Africa (excluding high income),SSA,CO2 emissions (kt),EN.ATM.CO2E.KT,497377.182,542270.294,545502.685,577012.999,608185.677,613372.766,613941.078,628416.056,670253.891,648221.238,694730.617,693146.426,720945.497,758315.954,788865.184,771895.034,783959.432,791659.351,801187.47,823174.756
216,South Sudan,SSD,CO2 emissions (kt),EN.ATM.CO2E.KT,459.821,529.084,674.322,753.349,951.984,912.013,998.668,1173.199,1239.105,1290.671,1313.25,1281.212,1418.6,1453.1,1526.0,1969.4,1730.2,1515.6,1547.5,1703.3
217,Sub-Saharan Africa,SSF,CO2 emissions (kt),EN.ATM.CO2E.KT,497670.082,542593.294,545854.385,577354.499,608568.077,613754.366,614329.978,628820.256,670671.291,648669.038,695173.717,693554.826,721371.897,758731.454,789332.184,772406.734,784535.532,792239.551,801768.57,823786.656
218,Small states,SST,CO2 emissions (kt),EN.ATM.CO2E.KT,127776.023,132966.908,139551.019,151000.243,155751.888,164572.73,177987.53,188200.75,192150.36,197187.92,199991.144,209652.707,216835.125,221831.279,228408.931,226829.412,228470.488,229489.242,229874.79,231556.09
219,Sao Tome and Principe,STP,CO2 emissions (kt),EN.ATM.CO2E.KT,53.4,53.4,58.2,65.7,74.4,79.9,81.7,81.7,88.4,93.7,102.7,100.5,119.4,122.2,120.2,124.5,129.5,135.1,138.1,145.4
220,Suriname,SUR,CO2 emissions (kt),EN.ATM.CO2E.KT,1480.42,1520.56,1115.66,1233.96,1392.96,1687.26,1529.27,1411.28,1455.49,1446.77,1744.87,1952.73,2441.63,2289.81,2620.0,2724.1,2954.886,2495.63,2206.03,2648.93
221,Slovak Republic,SVK,CO2 emissions (kt),EN.ATM.CO2E.KT,38072.2,38577.0,38065.4,38331.2,37430.5,38518.3,37873.3,37190.3,37097.2,33908.9,35432.2,34116.9,32347.1,32920.4,30438.1,30753.7,31500.7,33579.0,33003.3,31076.3
222,Slovenia,SVN,CO2 emissions (kt),EN.ATM.CO2E.KT,14541.7,15380.1,15524.6,15413.0,15699.6,15916.5,16293.7,16283.4,17360.1,15509.2,15777.2,15700.8,15123.6,14548.1,13112.7,13139.7,13903.0,14123.7,14072.9,13599.8
223,Sweden,SWE,CO2 emissions (kt),EN.ATM.CO2E.KT,53277.5,52497.3,54023.7,55202.7,53593.3,50206.2,48896.3,47136.3,46149.2,42879.2,48130.9,44578.2,42138.6,40536.0,39084.6,39192.4,38782.4,38291.8,36013.1,35001.7
224,Eswatini,SWZ,CO2 emissions (kt),EN.ATM.CO2E.KT,692.6,610.8,615.9,627.8,630.9,656.0,650.6,664.2,628.5,699.3,653.2,657.3,683.8,751.3,749.0,765.0,843.3,886.2,914.9,963.0
225,Sint Maarten (Dutch part),SXM,CO2 emissions (kt),EN.ATM.CO2E.KT,,,,,,,,,,,,,,,,,,,,
226,Seychelles,SYC,CO2 emissions (kt),EN.ATM.CO2E.KT,292.9,323.0,351.7,341.5,382.4,381.6,388.9,404.2,417.4,447.8,443.1,408.4,426.4,415.5,467.0,511.7,576.1,580.2,581.1,611.9
227,Syrian Arab Republic,SYR,CO2 emissions (kt),EN.ATM.CO2E.KT,44400.9,44728.8,44267.2,44378.6,46364.2,57220.3,60213.8,63604.5,65275.9,60696.7,61090.6,56917.3,47027.4,30702.8,26610.1,25266.9,26342.7,29340.8,27390.5,25714.2
228,Turks and Caicos Islands,TCA,CO2 emissions (kt),EN.ATM.CO2E.KT,,,,,,,,,,,,,,,,,,,,
229,Chad,TCD,CO2 emissions (kt),EN.ATM.CO2E.KT,292.7,343.8,401.5,449.6,446.0,475.2,509.3,500.1,544.0,790.7,1240.4,1096.065,1857.03,2186.26,2260.3,2385.7,2207.27,2146.0,2190.8,2247.7
230,East Asia & Pacific (IDA & IBRD countries),TEA,CO2 emissions (kt),EN.ATM.CO2E.KT,4065427.72,4287060.43,4601494.98,5260630.03,6025969.52,6754581.62,7395042.93,8002764.54,8233178.92,8756927.18,9596618.62,10473518.8,10767215.47,11226825.53,11322340.84,11245346.75,11278712.67,11559196.01,12105564.37,12435631.17
231,Europe & Central Asia (IDA & IBRD countries),TEC,CO2 emissions (kt),EN.ATM.CO2E.KT,2980270.203,2973131.318,3000110.559,3124766.793,3124980.298,3140554.6,3269524.2,3324572.0,3356346.16,3101967.95,3250905.6,3410714.5,3363785.2,3297474.3,3192278.0,3125795.7,3167264.0,3244125.6,3323982.9,3322126.1
232,Togo,TGO,CO2 emissions (kt),EN.ATM.CO2E.KT,1269.0,1178.1,1344.2,1833.8,1778.2,1748.1,1569.6,1503.7,1568.8,2824.7,2630.1,2515.6,2235.8,1749.0,1588.5,1825.6,2300.0,2068.9,2311.1,2365.4
233,Thailand,THA,CO2 emissions (kt),EN.ATM.CO2E.KT,164491.4,173156.6,184243.9,191925.5,210189.9,217766.8,219883.7,224591.7,227583.7,220260.1,234378.3,233598.5,250676.0,260700.9,256796.0,264002.3,261595.2,258815.5,257051.7,267089.1
234,Tajikistan,TJK,CO2 emissions (kt),EN.ATM.CO2E.KT,2200.97,2150.05,2133.81,2175.1,2597.02,2471.2,2686.5,3267.8,3041.06,2405.15,2446.9,2564.2,3015.2,3195.1,4583.6,4904.8,6094.3,7367.6,8677.1,9417.6
235,Turkmenistan,TKM,CO2 emissions (kt),EN.ATM.CO2E.KT,38507.6,39123.1,41410.8,46350.3,49365.3,50592.6,51916.6,58482.4,59279.8,52386.8,59175.1,65454.3,69014.7,70224.3,71401.2,73398.4,73337.5,73122.0,73053.1,72866.8
236,Latin America & the Caribbean (IDA & IBRD countries),TLA,CO2 emissions (kt),EN.ATM.CO2E.KT,1212722.42,1218615.56,1224411.26,1245864.26,1302941.86,1346507.36,1388425.57,1433739.48,1478261.19,1442553.77,1539279.27,1603448.47,1675448.77,1718505.37,1730098.929,1717432.07,1676431.326,1656011.67,1614905.57,1597958.47
237,Timor-Leste,TLS,CO2 emissions (kt),EN.ATM.CO2E.KT,0.0,0.0,168.9,167.8,196.6,208.0,204.7,204.6,210.1,234.2,242.9,251.2,299.5,458.3,529.9,524.7,601.6,613.8,613.5,615.4
238,Middle East & North Africa (IDA & IBRD countries),TMN,CO2 emissions (kt),EN.ATM.CO2E.KT,812782.0,853578.3,872119.3,898149.5,954546.5,1027772.9,1078466.7,1120899.1,1164638.0,1207075.9,1231140.6,1238150.2,1297676.6,1325875.89,1358050.77,1348722.15,1366702.25,1425953.82,1455582.12,1473175.92
239,Tonga,TON,CO2 emissions (kt),EN.ATM.CO2E.KT,103.0,94.8,101.9,123.7,126.4,134.8,149.3,128.0,127.3,137.4,117.2,106.9,109.0,115.1,114.5,115.8,152.0,184.0,162.4,162.9
240,South Asia (IDA & IBRD),TSA,CO2 emissions (kt),EN.ATM.CO2E.KT,1073470.46,1094914.338,1131275.95,1163506.947,1252593.837,1310618.041,1401572.66,1540230.69,1628666.39,1777055.27,1877355.99,1984016.59,2143953.73,2207441.25,2396856.14,2429987.39,2491075.93,2642032.98,2768790.38,2784077.53
241,Sub-Saharan Africa (IDA & IBRD countries),TSS,CO2 emissions (kt),EN.ATM.CO2E.KT,497670.082,542593.294,545854.385,577354.499,608568.077,613754.366,614329.978,628820.256,670671.291,648669.038,695173.717,693554.826,721371.897,758731.454,789332.184,772406.734,784535.532,792239.551,801768.57,823786.656
242,Trinidad and Tobago,TTO,CO2 emissions (kt),EN.ATM.CO2E.KT,10204.6,11621.0,12678.4,15452.9,16104.5,17590.2,20062.4,20496.2,20023.3,19043.0,21455.8,22255.1,21518.9,22208.6,22036.1,21334.6,18310.7,18246.6,17779.0,17186.7
243,Tunisia,TUN,CO2 emissions (kt),EN.ATM.CO2E.KT,20697.1,21573.3,21705.5,21496.0,22480.5,22972.0,23896.6,24745.2,25251.3,25293.8,27518.0,26344.1,27787.2,27849.8,29952.9,30476.2,29606.4,29957.0,29886.5,29908.4
244,Turkiye,TUR,CO2 emissions (kt),EN.ATM.CO2E.KT,216396.5,197771.1,208107.6,219158.6,224601.2,235003.0,261083.6,288967.8,287195.0,287827.2,297114.0,317721.2,328877.8,318168.6,340641.5,351593.8,374589.0,415898.2,411731.9,396842.9
245,Tuvalu,TUV,CO2 emissions (kt),EN.ATM.CO2E.KT,8.0,9.9,9.2,8.6,9.1,9.7,12.2,14.2,9.6,10.7,9.9,10.2,9.8,8.8,10.1,8.0,9.1,10.5,11.0,11.0
246,Tanzania,TZA,CO2 emissions (kt),EN.ATM.CO2E.KT,2946.4,3128.3,3565.8,3763.2,5075.3,5660.0,6052.1,5909.7,6079.3,5925.4,6913.0,8187.4,9867.3,10806.7,10713.4,11688.0,11196.4,11834.7,12004.4,12454.0
247,Uganda,UGA,CO2 emissions (kt),EN.ATM.CO2E.KT,1297.6,1303.9,1486.2,1567.2,1629.6,2024.0,2399.5,2868.2,2971.8,3357.3,3332.0,3744.2,3777.1,3694.3,4112.2,4715.2,4948.1,5172.4,5862.9,5862.1
248,Ukraine,UKR,CO2 emissions (kt),EN.ATM.CO2E.KT,297376.8,300552.9,303940.8,330228.5,307135.6,295405.2,303989.4,312141.5,301195.3,251616.6,268924.6,283342.4,277110.2,270268.6,237728.6,191067.7,201655.3,174938.3,185623.7,174731.8
249,Upper middle income,UMC,CO2 emissions (kt),EN.ATM.CO2E.KT,7250027.333,7476932.998,7806273.049,8553454.183,9395099.868,10181638.35,10933302.7,11610415.9,11951640.08,12229861.32,13246739.28,14222146.307,14585007.405,15075232.119,15076167.491,14884311.292,14885713.368,15195857.352,15656521.2,15912863.8
250,Uruguay,URY,CO2 emissions (kt),EN.ATM.CO2E.KT,5458.5,4946.3,4530.6,4486.1,5459.9,5415.8,6332.1,5854.7,7750.1,7665.9,6283.8,7605.9,8517.7,7357.6,6500.4,6640.6,6524.3,6103.8,6544.1,6490.1
251,United States,USA,CO2 emissions (kt),EN.ATM.CO2E.KT,5775808.0,5748263.0,5593026.0,5658993.0,5738287.0,5753494.0,5653082.0,5736320.0,5558380.0,5156427.0,5392112.0,5173595.0,4956058.0,5092102.0,5107214.0,4990709.0,4894503.0,4819370.0,4975307.0,4817719.0
252,Uzbekistan,UZB,CO2 emissions (kt),EN.ATM.CO2E.KT,123807.0,125697.9,129891.5,121908.3,124841.0,119191.1,127357.1,122580.7,128884.3,116532.6,126240.6,128633.8,113140.3,111856.6,104872.6,99174.3,105232.9,109531.4,112474.5,116707.2
253,St. Vincent and the Grenadines,VCT,CO2 emissions (kt),EN.ATM.CO2E.KT,163.7,204.5,228.4,234.2,245.7,247.9,251.0,269.8,254.9,885.8,246.0,265.0,357.1,226.6,267.9,246.9,255.7,225.6,252.9,256.1
254,"Venezuela, RB",VEN,CO2 emissions (kt),EN.ATM.CO2E.KT,131517.7,135801.2,140748.2,135770.8,139607.3,147375.0,147532.8,142389.2,151112.9,152587.1,164102.4,160040.6,181131.2,180425.3,179239.1,163129.7,151065.4,140822.4,132127.8,112341.6
255,British Virgin Islands,VGB,CO2 emissions (kt),EN.ATM.CO2E.KT,,,,,,,,,,,,,,,,,,,,
256,Virgin Islands (U.S.),VIR,CO2 emissions (kt),EN.ATM.CO2E.KT,,,,,,,,,,,,,,,,,,,,
257,Vietnam,VNM,CO2 emissions (kt),EN.ATM.CO2E.KT,51207.7,56722.4,66495.9,70903.8,85051.8,92368.7,94869.8,105137.5,117585.1,132290.0,151413.5,155973.4,155522.9,164297.5,180871.8,220654.1,223715.9,230446.8,285602.1,336491.8
258,Vanuatu,VUT,CO2 emissions (kt),EN.ATM.CO2E.KT,89.4,93.1,83.0,87.2,66.5,70.9,68.1,112.3,101.0,126.8,126.5,133.6,120.1,112.2,160.4,137.8,181.3,169.5,210.2,210.8
259,World,WLD,CO2 emissions (kt),EN.ATM.CO2E.KT,24271440.0,24639140.0,25000340.0,26127570.0,27345930.0,28370030.0,29306640.0,30414600.0,30635390.0,30236800.0,32084170.0,33063810.0,33445780.0,34107980.0,34229560.0,34076290.0,34144040.0,34689960.0,35476590.0,35512860.0
260,Samoa,WSM,CO2 emissions (kt),EN.ATM.CO2E.KT,148.8,162.8,170.5,169.5,188.5,206.1,196.0,199.1,169.5,175.5,191.4,195.1,197.4,197.3,209.3,238.2,295.7,306.8,294.5,295.4
261,Kosovo,XKX,CO2 emissions (kt),EN.ATM.CO2E.KT,,,,,,,,,,,,,,,,,,,,
262,"Yemen, Rep.",YEM,CO2 emissions (kt),EN.ATM.CO2E.KT,15030.6,16065.3,16093.7,18699.7,19628.8,21105.7,21918.6,23270.3,24216.3,26568.8,25432.0,22950.2,21012.5,27825.1,27430.0,13552.2,10852.1,10013.8,9719.7,11095.0
263,South Africa,ZAF,CO2 emissions (kt),EN.ATM.CO2E.KT,284662.1,320540.1,331324.8,353090.3,379994.6,377649.3,379787.5,397063.5,426739.7,404199.6,425307.0,409259.9,426782.7,436923.0,447927.2,424805.0,425141.2,435651.8,434345.2,439640.0
264,Zambia,ZMB,CO2 emissions (kt),EN.ATM.CO2E.KT,1807.2,1835.28,1922.95,2084.2,2106.2,2293.1,2177.5,1981.6,2185.9,2485.2,2656.9,3050.7,4030.3,4238.6,4686.0,4956.6,5315.3,6810.7,7731.0,6803.9
265,Zimbabwe,ZWE,CO2 emissions (kt),EN.ATM.CO2E.KT,13696.1,13897.3,12485.7,10177.6,9767.7,10513.1,9829.3,9764.7,7601.5,7754.3,9603.5,11409.6,12014.3,12284.0,12077.9,12432.8,11017.1,10335.5,12382.2,11759.9
